bpm_value,rms_mean,rms_std,mfcc_mean_1,mfcc_mean_2,mfcc_mean_3,mfcc_mean_4,mfcc_mean_5,mfcc_mean_6,mfcc_mean_7,mfcc_mean_8,mfcc_mean_9,mfcc_mean_10,mfcc_mean_11,mfcc_mean_12,mfcc_std_1,mfcc_std_2,mfcc_std_3,mfcc_std_4,mfcc_std_5,mfcc_std_6,mfcc_std_7,mfcc_std_8,mfcc_std_9,mfcc_std_10,mfcc_std_11,mfcc_std_12,centroid_mean,centroid_std,bandwidth_mean,bandwidth_std,tonnetz_mean_1,tonnetz_mean_2,tonnetz_mean_3,tonnetz_mean_4,tonnetz_mean_5,tonnetz_mean_6,tonnetz_std_1,tonnetz_std_2,tonnetz_std_3,tonnetz_std_4,tonnetz_std_5,tonnetz_std_6,zcr_mean,zcr_std
0.470936156,0.259310834,0.276925885,0.10687142,0.903126781,0.141671222,0.865997467,0.142301037,0.85919299,0.141534865,0.867854384,0.149191883,0.861159882,0.141565,0.844088714,0.889875078,0.876654289,0.880779212,0.871121114,0.78525907,0.823187436,0.804416175,0.799695795,0.785144921,0.761818101,0.771847975,0.793816072,0.128408615,0.109597078,0.129270567,0.484709605,0.110476109,0.178638505,0.329815575,0.193855093,0.377224857,0.236427381,0.391350914,0.397622557,0.314606904,0.113085776,0.112164768,0.041999246,0.121105945,0.13227864
,,,,,,,,,,,,,,,,,,,,,,,,,,,,,,,,,,,,,,,,,,,,
0.461732931,,,,,,,,,,,,,,,,,,,,,,,,,,,,,,,,,,,,,,,,,,,,
