bpm_value,rms_mean,rms_std,mfcc_mean_1,mfcc_mean_2,mfcc_mean_3,mfcc_mean_4,mfcc_mean_5,mfcc_mean_6,mfcc_mean_7,mfcc_mean_8,mfcc_mean_9,mfcc_mean_10,mfcc_mean_11,mfcc_mean_12,mfcc_std_1,mfcc_std_2,mfcc_std_3,mfcc_std_4,mfcc_std_5,mfcc_std_6,mfcc_std_7,mfcc_std_8,mfcc_std_9,mfcc_std_10,mfcc_std_11,mfcc_std_12,centroid_mean,centroid_std,bandwidth_mean,bandwidth_std,tonnetz_mean_1,tonnetz_mean_2,tonnetz_mean_3,tonnetz_mean_4,tonnetz_mean_5,tonnetz_mean_6,tonnetz_std_1,tonnetz_std_2,tonnetz_std_3,tonnetz_std_4,tonnetz_std_5,tonnetz_std_6,zcr_mean,zcr_std
0,0.442704017,0.461512628,0.536922488,0.463077167,0.536922087,0.463080644,0.536920231,0.463078993,0.536923662,0.463079724,0.536922704,0.463078889,0.536917909,0.463078709,0.458333333,0.569444444,0.622222222,0.666666667,0.45,0.483333333,0.445833333,0.508333333,0.983333333,0.475,0.441666667,0.883333333,0.181816146,0.512241771,0.156812093,0.83704754,0.353154578,0.522701122,0.471380544,0.535834695,0.429578519,0.631058732,0.499879864,0.386163553,0.531825005,0.510344225,0.582060476,0.368135195,0,0
,,,,,,,,,,,,,,,,,,,,,,,,,,,,,,,,,,,,,,,,,,,,
0.475594531,,,,,,,,,,,,,,,,,,,,,,,,,,,,,,,,,,,,,,,,,,,,
