bpm_value,rms_mean,rms_std,mfcc_mean_1,mfcc_mean_2,mfcc_mean_3,mfcc_mean_4,mfcc_mean_5,mfcc_mean_6,mfcc_mean_7,mfcc_mean_8,mfcc_mean_9,mfcc_mean_10,mfcc_mean_11,mfcc_mean_12,mfcc_std_1,mfcc_std_2,mfcc_std_3,mfcc_std_4,mfcc_std_5,mfcc_std_6,mfcc_std_7,mfcc_std_8,mfcc_std_9,mfcc_std_10,mfcc_std_11,mfcc_std_12,centroid_mean,centroid_std,bandwidth_mean,bandwidth_std,tonnetz_mean_1,tonnetz_mean_2,tonnetz_mean_3,tonnetz_mean_4,tonnetz_mean_5,tonnetz_mean_6,tonnetz_std_1,tonnetz_std_2,tonnetz_std_3,tonnetz_std_4,tonnetz_std_5,tonnetz_std_6,zcr_mean,zcr_std
0.047090765,0.323736742,0.343809912,0.75932052,0.210953487,0.797199894,0.194939024,0.811512918,0.372239945,0.825226624,0.63781264,0.752374219,0.599076322,0.696565586,0.340540506,0.776572427,0.769497428,0.686061739,0.705064184,0.496620338,0.492753399,0.524038859,0.574906255,0.635634352,0.461185077,0.487220176,0.448321018,0.717875961,0.644398031,0.547796375,0.730247016,0.132643682,0.218968259,0.409098915,0.236471585,0.470657092,0.293809564,0.468591067,0.481462425,0.373985136,0.119872829,0.130226462,0.039738847,0.137897241,0.153900389
,,,,,,,,,,,,,,,,,,,,,,,,,,,,,,,,,,,,,,,,,,,,
0.468398116,,,,,,,,,,,,,,,,,,,,,,,,,,,,,,,,,,,,,,,,,,,,
