bpm_value,rms_mean,rms_std,mfcc_mean_1,mfcc_mean_2,mfcc_mean_3,mfcc_mean_4,mfcc_mean_5,mfcc_mean_6,mfcc_mean_7,mfcc_mean_8,mfcc_mean_9,mfcc_mean_10,mfcc_mean_11,mfcc_mean_12,mfcc_std_1,mfcc_std_2,mfcc_std_3,mfcc_std_4,mfcc_std_5,mfcc_std_6,mfcc_std_7,mfcc_std_8,mfcc_std_9,mfcc_std_10,mfcc_std_11,mfcc_std_12,centroid_mean,centroid_std,bandwidth_mean,bandwidth_std,tonnetz_mean_1,tonnetz_mean_2,tonnetz_mean_3,tonnetz_mean_4,tonnetz_mean_5,tonnetz_mean_6,tonnetz_std_1,tonnetz_std_2,tonnetz_std_3,tonnetz_std_4,tonnetz_std_5,tonnetz_std_6,zcr_mean,zcr_std
0,0.59382156,0.648874531,0.519006893,0.480993226,0.519006488,0.480990321,0.5190072,0.48099146,0.519009434,0.480992325,0.519008646,0.480991907,0.519010743,0.480990122,0.366666667,0.495833333,0.65,0.866666667,0.458333333,0.338888889,0.627777778,0.475,0.95,0.491666667,0.491666667,0.475,0.290402702,0.763199408,0.19668652,0.795510939,0.194886556,0.407910252,0.767240571,0.434822501,0.937789232,0.580552909,0.909423564,0.907635989,0.721475756,0.212848246,0.233529047,0.058594513,0.261613427,0.30386881
,,,,,,,,,,,,,,,,,,,,,,,,,,,,,,,,,,,,,,,,,,,,
0.509070796,,,,,,,,,,,,,,,,,,,,,,,,,,,,,,,,,,,,,,,,,,,,
