bpm_value,rms_mean,rms_std,mfcc_mean_1,mfcc_mean_2,mfcc_mean_3,mfcc_mean_4,mfcc_mean_5,mfcc_mean_6,mfcc_mean_7,mfcc_mean_8,mfcc_mean_9,mfcc_mean_10,mfcc_mean_11,mfcc_mean_12,mfcc_std_1,mfcc_std_2,mfcc_std_3,mfcc_std_4,mfcc_std_5,mfcc_std_6,mfcc_std_7,mfcc_std_8,mfcc_std_9,mfcc_std_10,mfcc_std_11,mfcc_std_12,centroid_mean,centroid_std,bandwidth_mean,bandwidth_std,tonnetz_mean_1,tonnetz_mean_2,tonnetz_mean_3,tonnetz_mean_4,tonnetz_mean_5,tonnetz_mean_6,tonnetz_std_1,tonnetz_std_2,tonnetz_std_3,tonnetz_std_4,tonnetz_std_5,tonnetz_std_6,zcr_mean,zcr_std
0.988888889,0.395889567,0.43261299,0.482645151,0.434060041,0.585444729,0.486828157,0.598826476,0.50276231,0.594775198,0.498244319,0.57892817,0.479684736,0.553496286,0.455126831,0.453328953,0.422092976,0.502638363,0.614542757,0.331211669,0.240189247,0.430246099,0.334741226,0.636574878,0.34654526,0.347282299,0.349508348,0.539596983,0.659197603,0.237505407,0.495749057,0.133693586,0.2739055,0.512025156,0.291325516,0.625286731,0.387279437,0.60743901,0.606186708,0.481868947,0.143524555,0.156448467,0.039918303,0.174423554,0.202722234
,,,,,,,,,,,,,,,,,,,,,,,,,,,,,,,,,,,,,,,,,,,,
0.436560282,,,,,,,,,,,,,,,,,,,,,,,,,,,,,,,,,,,,,,,,,,,,
