bpm_value,rms_mean,rms_std,mfcc_mean_1,mfcc_mean_2,mfcc_mean_3,mfcc_mean_4,mfcc_mean_5,mfcc_mean_6,mfcc_mean_7,mfcc_mean_8,mfcc_mean_9,mfcc_mean_10,mfcc_mean_11,mfcc_mean_12,mfcc_std_1,mfcc_std_2,mfcc_std_3,mfcc_std_4,mfcc_std_5,mfcc_std_6,mfcc_std_7,mfcc_std_8,mfcc_std_9,mfcc_std_10,mfcc_std_11,mfcc_std_12,centroid_mean,centroid_std,bandwidth_mean,bandwidth_std,tonnetz_mean_1,tonnetz_mean_2,tonnetz_mean_3,tonnetz_mean_4,tonnetz_mean_5,tonnetz_mean_6,tonnetz_std_1,tonnetz_std_2,tonnetz_std_3,tonnetz_std_4,tonnetz_std_5,tonnetz_std_6,zcr_mean,zcr_std
0.12023733555175582,0.1421982413450675,0.106201450822372,0.12007754293332167,0.09494722409326756,0.10000418099162389,0.12485337201039981,0.10183708796770186,0.09541630995851604,0.08840686126087936,0.09561881081135395,0.1083768814447457,0.10204668063869785,0.07297423906714208,0.1094533465168046,0.10759787797248985,0.07207056509423468,0.09816558282909096,0.11326187809781271,0.08672669647497909,0.08342905046369305,0.07689304612640993,0.11361628583141184,0.10222809087760017,0.10751512343325934,0.07083723207138096,0.12903281896223862,0.094076060573302,0.0751263842042412,0.07078392174226689,0.08830749328439691,0.10290540107271932,0.09178648114221001,0.0824229703236935,0.09756030962077948,0.08245151754035082,0.06200991245782188,0.12142524817953995,0.12347180455762097,0.07845493537438451,0.08717972961808429,0.08171198303141376,0.13588008281004077,0.11981977368455594,0.08463996410979277
