bpm_value,rms_mean,rms_std,mfcc_mean_1,mfcc_mean_2,mfcc_mean_3,mfcc_mean_4,mfcc_mean_5,mfcc_mean_6,mfcc_mean_7,mfcc_mean_8,mfcc_mean_9,mfcc_mean_10,mfcc_mean_11,mfcc_mean_12,mfcc_std_1,mfcc_std_2,mfcc_std_3,mfcc_std_4,mfcc_std_5,mfcc_std_6,mfcc_std_7,mfcc_std_8,mfcc_std_9,mfcc_std_10,mfcc_std_11,mfcc_std_12,centroid_mean,centroid_std,bandwidth_mean,bandwidth_std,tonnetz_mean_1,tonnetz_mean_2,tonnetz_mean_3,tonnetz_mean_4,tonnetz_mean_5,tonnetz_mean_6,tonnetz_std_1,tonnetz_std_2,tonnetz_std_3,tonnetz_std_4,tonnetz_std_5,tonnetz_std_6,zcr_mean,zcr_std
0.10870501052140372,0.0775802584991857,0.09777321730434752,0.10364090259624181,0.1354774423773915,0.12534370803230327,0.10173407023961718,0.10438231003327551,0.0888417914250745,0.09104222631585475,0.09563365548367439,0.06102567058827747,0.08781320575374764,0.13288114436497458,0.0777110001429482,0.09966090206884005,0.14825235567814737,0.09823149398655802,0.09046474966914445,0.10865054599300868,0.09033750636728718,0.09887934195482612,0.10219682770059905,0.09680647749735749,0.08760497601006109,0.11094578710625587,0.1142731119309252,0.13189540816735398,0.1227070720423005,0.09941977616808553,0.08932363464324186,0.06347297234510851,0.10554646888889377,0.097586244121073,0.08043986838270438,0.1296769311390708,0.0778641022136561,0.0754535400522792,0.08243324800905757,0.07813205875319736,0.10553995728131985,0.14224088523935077,0.10609682172160291,0.09626099052828208,0.11632017785329307
